{
  "id": "discovernew",
  "version": "1.0.0",
  "kibanaVersion": "7.15.0",
  "server": true,
  "ui": true,
  "requiredPlugins": [
    "charts",
    "data",
    "embeddable",
    "inspector",
    "kibanaLegacy",
    "urlForwarding",
    "navigation",
    "uiActions",
    "savedObjects",
    "indexPatternFieldEditor"
  ],
  "optionalPlugins": [
    "home",
    "share",
    "usageCollection"
  ],
  "owner": {
    "name": "Kibana App",
    "githubTeam": "kibana-app"
  },
  "description": "This plugin contains the Discover application and the saved search embeddable."
}